기업명,dart_corp_code,crno,연도,설립일,업종코드,주소,연구개발비,유형자산_당기,유형자산_전기,종업원_합계,정규직_수,계약직_수,자산,부채,자본,CAPEX,매출액,영업이익,당기순이익
(주) 디이에스,01824355,1101110939951.0,2020,20080904,29271,,0,,,0,0,0,,,,,,,
(주) 아이에스티,00592875,1101110921323.0,2020,19990901,72129,,0,,,0,0,0,,,,,,,
(주) 아인스시스템,00872902,1101111631070.0,2020,19990108,46510,,0,,,0,0,0,,,,,,,
(주) 에스 이 티,01016035,,2020,20010926,63112,,0,,,0,0,0,,,,,,,
(주) 에스제이케이,00366793,1101111259484.0,2020,19950209,467,,0,,,0,0,0,55342769953,42063071979,13279697974,113667425,4124848200,-5488223417,-10923131398
(주) 코미코,00997812,1211110309956.0,2020,20130813,29271,,0,,,559,559,0,315096092801,145592857786,169503235015,27807318087,200828350060,35580989385,23314453239
(주) 포톤,01047707,1101111724271.0,2020,20141023,262,,0,,,39,39,0,101142229052,63490930054,37651298998,26193023047,91793146691,-4318361567,-16895381096
(주)경인양행,00102113,1101112148131.0,2020,19771014,20132,,0,,,616,595,21,505102150581,276720395053,228381755528,41955581734,329312078179,3369846654,-7581553453
(주)광성테크,01416536,1201110449323.0,2020,20170817,25922,,0,,,0,0,0,,,,,,,
(주)구비테크,01154706,1648110088331.0,2020,20110701,26519,,0,,,0,0,0,,,,,,,
(주)그린테크놀로지,00817613,1101112481242.0,2020,20031208,2611,,0,,,0,0,0,,,,,,,
(주)글로벌엔지니어링,01560138,1101114335398.0,2020,20010206,27216,,0,,,0,0,0,,,,,,,
(주)금륜,01296084,1101111971012.0,2020,20100810,38,,0,,,0,0,0,,,,,,,
(주)기연,00843496,1101110126816.0,2020,20070322,28303,,0,,,0,0,0,,,,,,,
(주)나노에이스,01017496,1615110088827.0,2020,20070425,26,,0,,,0,0,0,,,,,,,
(주)나노엑스,01599176,1345110479649.0,2020,20171226,29272,,0,,,0,0,0,,,,,,,
(주)나노테크,01071494,1101112721911.0,2020,19990901,25911,,0,,,0,0,0,,,,,,,
(주)나노텍,00631271,1101110560410.0,2020,20020827,28902,,0,,,0,0,0,,,,,,,
(주)나인텍,01301492,1101111419343.0,2020,20000724,25924,,0,,,0,0,0,,,,,,,
(주)남원정공,01628380,1355110282900.0,2020,20150701,29271,,0,,,0,0,0,,,,,,,
(주)네올,00472951,1101110719108.0,2020,19900920,59141,,0,,,0,0,0,,,,,,,
(주)네패스,00227333,1101111474389.0,2020,19901227,261,,0,,,583,569,14,801694287852,541088884320,260605403532,6218124921,343559677401,-3566837922,-62661070422
(주)넥사,01956733,1101113867821.0,2020,20250901,68224,,0,,,0,0,0,,,,,,,
(주)넥스틴,01080252,1344110044981.0,2020,20100623,29271,,0,,,46,0,0,54259282642,8371606856,45887675786,2524341798,49445117659,18099074344,14712171660
(주)뉴파워프라즈마,00521390,1101111784952.0,2020,19991007,29271,,0,,,306,306,0,476930042307,275242356094,201687686213,46037526777,108798640957,10912037251,30343389957
(주)다산,00637956,1101110174914.0,2020,20041231,29172,,0,,,0,0,0,,,,,,,
(주)대성하이텍,01160859,1211110163336.0,2020,20071101,22299,,0,,,0,0,0,,,,,,,
(주)대신테크,01073191,1101111217581.0,2020,20040923,30,,0,,,0,0,0,,,,,,,
(주)대영테크,00453169,1101110774855.0,2020,19970610,46492,,0,,,0,0,0,,,,,,,
(주)대원에프엔씨,00579953,1101112183236.0,2020,20010302,29271,,0,,,0,0,0,,,,,,,
(주)도우인시스,01380578,1501110134952.0,2020,20100325,26211,,0,,,0,0,0,,,,,,,
(주)동원파츠,00784184,1101111420746.0,2020,19970615,29271,,0,,,0,0,0,,,,,,,
(주)동원하이텍,00968528,1201110625858.0,2020,20120905,2629,,0,,,0,0,0,,,,,,,
(주)동진쎄미켐,00118804,1201110003848.0,2020,19730710,20129,,0,,,1161,1145,16,960791826390,522783551618,438008274772,59944436444,937800799678,126257657451,85257903462
(주)두원테크,00366535,1101111644403.0,2020,19980207,28519,,0,,,0,0,0,,,,,,,
(주)드림솔,01808375,1101111349178.0,2020,20081126,29271,,0,,,0,0,0,,,,,,,
(주)디바이스,00624509,1101110656970.0,2020,20021001,29271,,0,,,156,152,4,,,,,,,
(주)디스텍,01552777,1101111154957.0,2020,20080808,2629,,0,,,0,0,0,,,,,,,
(주)디에프텍,00505046,1101112564866.0,2020,20020710,33999,,0,,,0,0,0,,,,,,,
(주)라온테크,01463668,1101111257339.0,2020,20160225,25924,,0,,,0,0,0,,,,,,,
(주)라온텍,00965512,1101114285684.0,2020,20091013,262,,0,,,0,0,0,,,,,,,
(주)랩터,01950410,1101112255754.0,2020,20220603,64999,,0,,,0,0,0,,,,,,,
(주)루켄테크놀러지스,00886792,1348110145822.0,2020,20071002,289,,0,,,92,89,0,,,,,,,
(주)리더스앤글로벌,01923656,1348110262288.0,2020,20130129,29271,,0,,,0,0,0,,,,,,,
(주)리빙케어,01834653,1101114973601.0,2020,20090101,28909,,0,,,0,0,0,,,,,,,
(주)린텍,01652873,1101110159437.0,2020,20100607,26129,,0,,,0,0,0,,,,,,,
(주)메티스,00607274,1101111860918.0,2020,19990723,29271,,0,,,0,0,0,,,,,,,
(주)무진산업,01376432,1158110001605.0,2020,20130703,29291,,0,,,0,0,0,,,,,,,
(주)바맥스,00621104,1101112485450.0,2020,19960724,2612,,0,,,0,0,0,,,,,,,
(주)바코솔루션,01832804,1348110387713.0,2020,20161108,29271,,0,,,0,0,0,,,,,,,
(주)밸류엔지니어링,01350489,1101111671133.0,2020,19990401,29271,,0,,,0,0,0,,,,,,,
(주)보부하이테크,00611268,1101111019987.0,2020,19940317,29271,,0,,,0,0,0,,,,,,,
(주)브이에스아이,00976235,1355110266772.0,2020,19991220,292,,0,,,0,0,0,,,,,,,
(주)비츠로셀,00154718,1101110548771.0,2020,19871031,28201,,0,79237683555,83744746678,356,353,3,188283778513,32439065970,155844712543,-4507063123,113179916874,18157419132,14129260569
(주)상아프론테크,00181299,1201110038209.0,2020,19860321,222,,0,,,519,488,31,283345311095,133328732305,150016578790,14614215496,153347406708,7384122267,2319886782
(주)선익시스템,00327819,1101110700555.0,2020,19900524,292,,0,,,162,159,3,107497210758,16862970556,90634240202,5386718733,65640857994,3677986506,2316576950
(주)성우,00132974,1101110029680.0,2020,19810407,13213,,0,,,0,0,0,,,,,,,
(주)세다,00621502,1101110032469.0,2020,20000306,42,,0,,,0,0,0,,,,,,,
(주)세미즈,01450187,1358110159971.0,2020,20081124,29271,,0,,,0,0,0,,,,,,,
(주)세코닉스,00351630,1158110006449.0,2020,19881224,273,,0,,,920,847,73,340722820365,259036048250,81686772115,26478300036,370307309438,-17636874937,-32179643550
(주)셀코스,01024308,1101114587395.0,2020,20070115,29272,,0,,,0,0,0,,,,,,,
(주)셈텍,01212578,1101117870630.0,2020,20001107,292,,0,,,0,0,0,,,,,,,
(주)솔리더스,00546308,1101112243535.0,2020,20010521,68122,,0,,,0,0,0,,,,,,,
(주)스카,00446071,1101110034176.0,2020,19991220,55101,,0,,,0,0,0,,,,,,,
(주)시트라,01828698,1101111067944.0,2020,20200201,31322,,0,,,0,0,0,,,,,,,
(주)신안시스템,01409776,1201110340290.0,2020,20110101,29271,,0,,,0,0,0,,,,,,,
(주)신일테크,01297320,1101114198035.0,2020,20170808,68112,,0,,,0,0,0,,,,,,,
(주)싸이맥스,00659161,1311110153525.0,2020,20051202,29271,,0,,,200,199,1,190560458939,60925532000,129634926939,1345887293,172938448248,22986649965,22994085063
(주)쎄미하우,00655174,1211110098608.0,2020,20020712,2612,,0,,,0,0,0,,,,,,,
(주)쎌텍,01828795,1101111884728.0,2020,20160429,26224,,0,,,0,0,0,,,,,,,
(주)쏘닉스,00561723,1341110078407.0,2020,20001024,26129,,0,,,0,0,0,,,,,,,
(주)씨앤아이테크놀로지,01174922,1341110234017.0,2020,20100321,29271,,0,,,0,0,0,,,,,,,
(주)씨에스케이,00594299,1101111622524.0,2020,19970725,29271,,0,,,0,0,0,,,,,,,
(주)씨에스피,00451879,1101111631575.0,2020,19980512,13211,,0,,,0,0,0,,,,,,,
(주)씨엠티엑스,01529982,2841110111983.0,2020,20130118,26299,,0,,,0,0,0,,,,,,,
(주)씨티에스,01225633,1101110174815.0,2020,20030605,29272,,0,,,0,0,0,,,,,,,
(주)아론,00818010,1101110917819.0,2020,20000711,29271,,0,,,0,0,0,,,,,,,
(주)아센디아,01011386,1345110118859.0,2020,20071017,29271,,0,,,0,0,0,,,,,,,
(주)아이비스,01745191,1101110949416.0,2020,20100222,58221,,0,,,0,0,0,,,,,,,
(주)아이엔에스,00415725,1101110175467.0,2020,19990920,58221,,0,,,0,0,0,,,,,,,
(주)아이컴포넌트,00407285,1301110060490.0,2020,20000512,26211,,0,,,87,87,0,,,,,,,
(주)알파플러스,01130566,1101113235375.0,2020,20000510,29272,,0,,,0,0,0,,,,,,,
(주)애플티,01376025,1311110119204.0,2020,20040626,29271,,0,,,0,0,0,,,,,,,
(주)앤피에스,01471870,1101112244575.0,2020,20180501,26299,,0,,,0,0,0,,,,,,,
(주)에스아이,00247665,1101110088420.0,2020,19840516,68112,,0,,,0,0,0,,,,,,,
(주)에스앤에스텍,00411048,1101115817402.0,2020,20010222,2629,,0,,,214,214,0,185990770110,21522470384,164468299726,18129778429,87374363277,11036484319,10996462169
(주)에스에스피,00859053,1101111503451.0,2020,19960620,29271,,0,,,0,0,0,,,,,,,
(주)에스에이엠,00416432,1101110707674.0,2020,20000515,68112,,0,,,0,0,0,,,,,,,
(주)에스엔에프,00968847,1101110506216.0,2020,20060501,3399,,0,,,0,0,0,,,,,,,
(주)에스엠랩,01475274,2301110296432.0,2020,20180706,28202,,0,,,0,0,0,,,,,,,
(주)에스엠아이,00511959,1101110651904.0,2020,19890928,46741,,0,,,0,0,0,,,,,,,
(주)에스엠티,00960119,1101110838461.0,2020,20030701,4791,,0,,,0,0,0,,,,,,,
(주)에스와이텍,01412770,1101113267500.0,2020,20181204,29299,,0,,,0,0,0,,,,,,,
(주)에스이아이,00281739,1101111743990.0,2020,19990729,64201,,0,,,0,0,0,,,,,,,
(주)에스피반도체통신,00263168,1211110066499.0,2020,19990330,2612,,0,,,320,293,27,,,,,,,
(주)에이씨에스,00489924,1101111583536.0,2020,20031213,30,,0,,,0,0,0,,,,,,,
(주)에이알케이,01382965,1101112046369.0,2020,20170901,71531,,0,,,0,0,0,,,,,,,
(주)에이앤아이,00611310,1101111183021.0,2020,20000131,29271,,0,,,0,0,0,,,,,,,
(주)에이엠에스티,00552628,1101111604043.0,2020,19981105,2612,,0,,,0,0,0,,,,,,,
(주)에이치앤이루자,00975546,1601110225361.0,2020,20070525,29272,,0,,,0,0,0,,,,,,,
(주)에이치에스테크놀로지,01279838,1101110162802.0,2020,20110610,261,,0,,,0,0,0,,,,,,,
(주)에이티에스,01402287,1101110514441.0,2020,20161117,28202,,0,,,0,0,0,,,,,,,
(주)에코앤드림,00619640,1101113085598.0,2020,20040916,204,,0,,,68,68,0,,,,,,,
(주)에코파워팩,01860755,1101116241725.0,2020,20161129,28202,,0,,,0,0,0,,,,,,,
(주)에프에스티,00223434,1101110546006.0,2020,19870929,2629,,0,,,498,479,19,224226234384,90350678850,133875555534,27926092960,166157842718,24841770839,18687189166
(주)에프테크놀로지,00584274,1101111957195.0,2020,20040726,26211,,0,,,0,0,0,,,,,,,
(주)엑시콘,00611736,1311110058402.0,2020,20010308,29271,,0,,,142,142,0,117616275342,19471282679,98144992663,2134359481,67418497400,8254965351,12150142715
(주)엔씨켐,00863533,1101114636639.0,2020,20080306,20499,,0,,,0,0,0,,,,,,,
(주)엔지온,00962269,1244110089476.0,2020,20030801,2612,,0,,,0,0,0,,,,,,,
(주)엔켐,01011526,1101111722803.0,2020,20120216,20119,,0,,,0,0,0,,,,,,,
(주)엔티에스,01461262,1101110800254.0,2020,20120327,72129,,0,,,0,0,0,,,,,,,
(주)엘앤에프,00398701,1101110665608.0,2020,20000727,28202,,0,,,651,651,0,466217399194,268611553374,197605845820,54121655778,356105956054,1470005055,-15018130143
(주)엘에이티,01361245,1201110376633.0,2020,20170919,29272,,0,,,58,58,0,,,,,,,
(주)엘케이엔지니어링,01284441,1311110326700.0,2020,20110303,29271,,0,,,0,0,0,,,,,,,
(주)엘콤,01208973,1101111172793.0,2020,20070201,28202,,0,,,0,0,0,,,,,,,
(주)엠에스텍,01156661,1101111507560.0,2020,19991101,27214,,0,,,0,0,0,,,,,,,
(주)엠엑스앤,01230219,1358110210848.0,2020,20120326,29271,,0,,,0,0,0,,,,,,,
(주)엠케이테크,01736829,1101111889695.0,2020,20010522,29293,,0,,,0,0,0,,,,,,,
(주)엠플러스,00784713,1101110663769.0,2020,20071004,46522,,0,,,0,0,0,,,,,,,
(주)영상테크,01652518,1101112190819.0,2020,20010312,42321,,0,,,0,0,0,,,,,,,
(주)예리코코리아,01817498,1311110239903.0,2020,20090923,29271,,0,,,0,0,0,,,,,,,
(주)예스히팅테크닉스,01545865,1313110095096.0,2020,20100113,29271,,0,,,0,0,0,,,,,,,
(주)예승이엔지,01636097,1314110249485.0,2020,20101101,29271,,0,,,0,0,0,,,,,,,
(주)온새미로,01247422,1101113469130.0,2020,20120110,17105,,0,,,0,0,0,,,,,,,
(주)와이에이치이코퍼레이션,01516438,1244110268020.0,2020,20200601,29271,,0,,,0,0,0,,,,,,,
(주)와이컴,01285884,1101112140905.0,2020,20070829,26129,,0,,,0,0,0,,,,,,,
(주)울텍,00469513,1101112078388.0,2020,20001110,46413,,0,,,0,0,0,,,,,,,
(주)원익피앤이,00785475,1342110063894.0,2020,20040316,281,,0,,,263,253,10,207157693209,102017980545,105139712664,11675608186,127691037353,20622864070,18673866204
(주)웨이브피아,01834149,1101113182378.0,2020,20140917,26129,,0,,,0,0,0,,,,,,,
(주)위드텍,01327454,1101112788630.0,2020,20110101,30331,,0,,,0,0,0,,,,,,,
(주)위지트,00258360,1101111373755.0,2020,19970204,29272,,0,24308374241,25467471127,127,127,0,115405094405,24202641318,91202453087,-1159096886,30057413446,-1419923457,7788439844
(주)윌비에스엔티,00622990,1243110027098.0,2020,19870103,22249,,0,,,0,0,0,,,,,,,
(주)유니젯,01634309,1101114269745.0,2020,20020919,29272,,0,,,0,0,0,,,,,,,
(주)유에스티,00390620,1101111338999.0,2020,19971013,26,,0,,,0,0,0,,,,,,,
(주)유진테크,00531014,1101114496794.0,2020,20000105,29271,,0,,,235,235,0,293959661022,44957125250,249002535772,15905972298,202591825421,22286444623,9856634287
(주)은일,00534844,1101111908106.0,2020,19941104,292,,0,,,0,0,0,,,,,,,
(주)이노맥스,00926984,1101115065150.0,2020,20050805,29271,,0,,,0,0,0,,,,,,,
(주)이노하이텍,00656544,1211110254812.0,2020,20030114,2629,,0,,,0,0,0,,,,,,,
(주)이솔루션,00967635,1101110718887.0,2020,20061123,22299,,0,,,0,0,0,,,,,,,
(주)이엔에프테크놀로지,00530185,1101111957195.0,2020,20000501,2049,,0,,,533,481,52,463470436782,148988519052,314481917730,85639768395,486607222656,68167276315,47431531418
(주)이엠앤아이,00475718,1101114895350.0,2020,19990930,201,,692088263,2744933240,959916118,31,0,0,17736893744,12245040392,5491853352,1785017122,10176204938,-2512133246,-3648744703
(주)정수이앤씨,01220586,1615110097430.0,2020,20080401,29271,,0,,,0,0,0,,,,,,,
(주)제우스,00442570,1101110338792.0,2020,19881212,29271,,0,,,621,603,18,442573138744,200471945939,242101192805,51887151893,360024802929,18208700603,18142819602
(주)제이디아이,01953231,1101112402652.0,2020,20240418,68112,,0,,,0,0,0,,,,,,,
(주)제이솔루션,01401385,1101112324468.0,2020,20090804,29271,,0,,,0,0,0,,,,,,,
(주)제이에스티,01372995,1101110569074.0,2020,20090105,29271,,0,,,0,0,0,,,,,,,
(주)제이오션,01304143,1101114595900.0,2020,20171017,68121,,0,,,0,0,0,,,,,,,
(주)제이이티,01823329,1101111817654.0,2020,20150827,71511,,0,,,0,0,0,,,,,,,
(주)제이지,00679721,1101111272634.0,2020,20080520,64999,,0,,,0,0,0,,,,,,,
(주)제일하이텍,01213160,1246110289014.0,2020,20020611,20202,,0,,,0,0,0,,,,,,,
(주)준테크,01142978,1101111693814.0,2020,20071119,29172,,0,,,0,0,0,,,,,,,
(주)지앤비에스 에코,00958327,1348110105579.0,2020,20050404,29271,,0,,,0,0,0,,,,,,,
(주)지에스엠,01060887,1101110734651.0,2020,20080305,07121,,0,,,0,0,0,,,,,,,
(주)진솔루션,01837100,1101111196496.0,2020,20090811,29271,,0,,,0,0,0,,,,,,,
(주)케이엔제이,00769158,1101110883713.0,2020,20050428,261,,0,,,130,130,0,72664630375,50767961582,21896668793,4469558765,,2595374904,-4970697099
(주)케이제이,01147308,1101110561773.0,2020,20150415,68122,,0,,,0,0,0,,,,,,,
(주)코스텍시스,00332839,1101111361859.0,2020,19970108,2612,,0,,,0,0,0,,,,,,,
(주)코윈디에스티,00815934,1201110382531.0,2020,20050830,29272,,0,,,0,0,0,,,,,,,
(주)큐에스아이,00411446,1101116641149.0,2020,20000707,2612,,0,,,130,130,0,74496941782,19865449974,54631491808,8023661059,23003429960,430911832,135835672
(주)큐엠씨,00816696,1101110953582.0,2020,20030729,2927,,0,,,100,100,0,,,,,,,
(주)탑텍,01152319,1101111540750.0,2020,20000309,25112,,0,,,0,0,0,,,,,,,
(주)태산에프에이,01371190,1355110258745.0,2020,20131128,29272,,0,,,0,0,0,,,,,,,
(주)테스,00837477,1101110542004.0,2020,19980409,4643,,0,,,0,0,0,,,,,,,
(주)텔레칩스,00423177,1101111799513.0,2020,19991029,2611,,0,25011755686,20800881686,300,298,2,166036073381,73587764836,92448308545,4210874000,100721894672,-8475004160,-9413095084
(주)토르,01913057,1101111206584.0,2020,20031126,29171,,0,,,0,0,0,,,,,,,
(주)토마스엔지니어링,01303621,1501110031728.0,2020,19980501,28,,0,,,0,0,0,,,,,,,
(주)트리엔,01679931,1101111740368.0,2020,20030307,29272,,0,,,0,0,0,,,,,,,
(주)티에스,01154575,1101110118459.0,2020,20040401,30121,,0,,,0,0,0,,,,,,,
(주)티에스시,01560396,1101111577810.0,2020,20120614,29271,,0,,,0,0,0,,,,,,,
(주)티에스코퍼레이션,01755444,1101111896335.0,2020,20130313,29271,,0,,,0,0,0,,,,,,,
(주)티엠씨,01452219,1101111247356.0,2020,20070727,72129,,0,,,0,0,0,,,,,,,
(주)티오피,00348858,1101110613144.0,2020,20000502,27,,0,,,0,0,0,,,,,,,
(주)티제이엠,01789034,1101111658959.0,2020,20220525,71531,,0,,,0,0,0,,,,,,,
(주)티티에스,01005507,1101111222043.0,2020,20010420,291,,0,,,0,0,0,,,,,,,
(주)파크시스템,01657054,1101111397648.0,2020,20000516,29271,,0,,,0,0,0,,,,,,,
(주)풍산디에이케이,01497887,1311110300895.0,2020,20120102,28202,,0,,,0,0,0,,,,,,,
(주)풍산시스템,01014082,1301110059154.0,2020,20000401,30,,0,,,0,0,0,,,,,,,
(주)프로텍,00325112,1101110589311.0,2020,19970901,29271,,0,,,224,216,8,227452169198,20728756659,206723412539,252476099,86503551330,15395009805,11127633694
(주)플라스텍,01766246,1101112587751.0,2020,20020813,46800,,0,,,0,0,0,,,,,,,
(주)피앤엠,01384918,1101112347048.0,2020,20081112,29120,,0,,,0,0,0,,,,,,,
(주)피엔피,01012853,1101110363575.0,2020,20120727,29271,,0,,,0,0,0,,,,,,,
(주)피제이피테크,01369487,1358110106625.0,2020,20040727,261,,0,,,0,0,0,,,,,,,
(주)피토,00976101,1101112028656.0,2020,20031202,29271,,0,,,0,0,0,,,,,,,
(주)필옵틱스,00938721,1351110088083.0,2020,20080205,2927,,0,,,325,323,2,318079390471,224248846749,93830543722,32830682454,188890116710,1794118956,4296238604
(주)하이원텍,01287970,1314110250888.0,2020,20111021,34019,,0,,,0,0,0,,,,,,,
(주)한도금속,01383991,1355110200100.0,2020,20090422,25924,,0,,,0,0,0,,,,,,,
(주)한올테크,00382597,1101110993405.0,2020,19931230,58221,,0,,,0,0,0,,,,,,,
(주)한일하이테크,00909455,1101110695382.0,2020,19980924,2224,,0,,,0,0,0,,,,,,,
(주)현명,01151338,1101111731309.0,2020,20150821,68112,,0,,,0,0,0,,,,,,,
(주)화인세라텍,01656338,1348110571184.0,2020,20200721,26299,,0,,,0,0,0,,,,,,,
H테크,01478332,1647110046109.0,2020,20190816,22241,,0,,,0,0,0,,,,,,,
㈜나노신소재,00439965,1601110094162.0,2020,20000315,2049,,0,,,217,217,0,106629092242,14484410400,92144681842,12807720621,48524487750,1463818298,1649534192
㈜나인테크,01302987,1101112052382.0,2020,20170515,26223,,0,,,0,0,0,,,,,,,
㈜넥스틴,01080252,1344110044981.0,2020,20100623,29271,,0,,,46,0,0,54259282642,8371606856,45887675786,2524341798,49445117659,18099074344,14712171660
㈜디엔에프,00569691,1101111548671.0,2020,20010105,2049,,0,,,240,238,2,156381738628,41374325525,115007413103,7392419188,95098206163,11811312238,14419167612
㈜레이크머티리얼즈,00861854,1101116525723.0,2020,20100513,2049,,0,,,0,0,0,,,,,,,
㈜베이스,01008081,1101110358443.0,2020,20110801,71531,,0,,,0,0,0,,,,,,,
㈜선재하이테크,00342182,1801110323955.0,2020,20000522,2812,,0,,,0,0,0,,,,,,,
㈜쎄노텍,00915784,1101115733509.0,2020,19990514,23993,,0,,,0,0,0,,,,,,,
㈜씨엔티솔루션,01552555,1314110266299.0,2020,20111014,22299,,0,,,0,0,0,,,,,,,
㈜아이에스시,01318678,1101113978834.0,2020,20180313,64999,,0,,,0,0,0,,,,,,,
㈜아이윈,00365624,1101111715527.0,2020,19990206,303,,0,,,65,65,0,96091134414,50887638568,45203495846,1853966226,85167570270,3200300113,2032223949
㈜야스,00875307,1101111080954.0,2020,20020411,29272,,0,,,247,241,6,198221174081,37859833796,160361340285,5060328065,55055076921,2346114624,11677931127
㈜에버켐텍,01370252,1348110192021.0,2020,20100407,20499,,0,,,0,0,0,,,,,,,
㈜에이프로,01292486,1101110036396.0,2020,20100924,2629,,0,,,0,0,0,,,,,,,
㈜엠케이켐앤텍,00448811,1101111928021.0,2020,20000401,2049,,0,,,0,0,0,,,,,,,
㈜엠티아이,00298739,1101111240920.0,2020,19960208,2642,,0,,,0,0,0,,,,,,,
㈜오로스테크놀로지,01016479,1311110104403.0,2020,20031021,292,,0,,,86,86,0,,,,,,,
㈜오이솔루션,00571483,2001110180384.0,2020,20030807,26410,,0,,,395,395,0,195184393025,48203757094,146980635931,12537229360,103177709919,7332870050,12352046635
㈜와이엠텍,01288331,1201110492223.0,2020,20090401,29,,0,,,0,0,0,,,,,,,
㈜웨이비스,01270749,1348110407800.0,2020,20170502,261,,0,,,0,0,0,,,,,,,
㈜이코니,00806051,1101117081287.0,2020,20030318,25924,,0,,,0,0,0,,,,,,,
㈜자람테크놀로지,01365038,1101111864829.0,2020,20000127,261,,0,,,0,0,0,,,,,,,
㈜지아이텍,00663784,1101112222505.0,2020,20010201,2225,,0,,,0,0,0,,,,,,,
㈜코렌스알티엑스,01728866,1601110259089.0,2020,20191101,29221,,0,,,0,0,0,,,,,,,
㈜파크시스템스,00244747,1101111397648.0,2020,19970407,27219,,0,,,187,184,3,104415329013,51333369404,53081959609,14567454545,71223135801,14980848495,9955966928
㈜피엠티,00654175,1101110928147.0,2020,20040512,27212,,0,,,156,156,0,,,,,,,
가온솔루션 주식회사,01310135,1211110380302.0,2020,20100108,29272,,0,,,0,0,0,,,,,,,
글로벤스(주),01917044,1648110049656.0,2020,20090701,29271,,0,,,0,0,0,,,,,,,
기가비스주식회사,00765569,1345110078029.0,2020,20040218,292,,0,,,0,0,0,,,,,,,
나래나노텍,00362122,1345110017746.0,2020,19951211,292,,0,,,0,0,0,,,,,,,
네오마(주),01139530,1101112779431.0,2020,20030701,4659,,0,,,0,0,0,,,,,,,
네이션스,01070033,1101112463894.0,2020,20140401,2629,,0,,,0,0,0,,,,,,,
네패스 야하드,00880354,,2020,20100401,28202,,0,,,0,0,0,,,,,,,
넥스원,00428880,1101111516933.0,2020,20021031,46800,,0,,,0,0,0,,,,,,,
넥스트젠,01551671,1101112309791.0,2020,20180821,70113,,0,,,0,0,0,,,,,,,
넥스플렉스㈜,01385111,1101116827658.0,2020,20180730,26221,,0,,,0,0,0,,,,,,,
노바,00254179,1101110381858.0,2020,19780304,64122,,0,,,0,0,0,,,,,,,
대산지오텍 주식회사,01356164,1348110236655.0,2020,20120214,29272,,0,,,0,0,0,,,,,,,
대운테크,01073854,1211110137464.0,2020,20130423,2221,,0,,,0,0,0,,,,,,,
대주전자재료(주),00177816,1301110007616.0,2020,19810706,2629,,0,,,267,266,1,206009387091,118766378477,87243008614,11642864013,154543468825,9021433663,5251008932
더블유씨피 주식회사,01291317,1101116126430.0,2020,20161026,28202,,0,,,0,0,0,,,,,,,
드림메카텍,01157174,1348110251299.0,2020,20120827,25929,,0,,,0,0,0,,,,,,,
디에스이테크,01682670,1313110146691.0,2020,20150301,29271,,0,,,0,0,0,,,,,,,
디에이치,00678999,1101110085541.0,2020,20030226,30320,,0,,,0,0,0,,,,,,,
디에이치테크,01023187,1101111951676.0,2020,19990219,29172,,0,,,0,0,0,,,,,,,
램테크놀러지㈜,00654272,1345110053211.0,2020,20011025,20119,,0,,,79,79,0,64530001772,25465525954,39064475818,8721842851,42758550223,2611810716,2493206711
레이저쎌주식회사,01573381,1311110405091.0,2020,20150406,29271,,0,,,0,0,0,,,,,,,
레이트론(주),00666912,1341110444765.0,2020,20001001,2611,,0,,,0,0,0,,,,,,,
루츠,01794230,1101112802547.0,2020,20230721,46413,,0,,,0,0,0,,,,,,,
리드엔지니어링,01845066,1501110100896.0,2020,20061101,29271,,0,,,0,0,0,,,,,,,
멜콘(주),01028933,1311110107671.0,2020,20031216,29,,0,,,0,0,0,,,,,,,
모아,00689746,1101110250706.0,2020,20050909,68,,0,,,0,0,0,,,,,,,
미래첨단소재 주식회사,01651908,1501110270186.0,2020,20161115,23993,,0,,,0,0,0,,,,,,,
바테크(주),00846998,1101110608244.0,2020,20050316,46510,,0,,,0,0,0,,,,,,,
볼트크리에이션,01588356,1101115745380.0,2020,20150801,26129,,0,,,0,0,0,,,,,,,
부국산업 주식회사,00123754,1152110036629.0,2020,19860401,3831,,0,,,0,0,0,,,,,,,
브이에이디인스트루먼트,01527230,1311110397222.0,2020,20150112,29271,,0,,,0,0,0,,,,,,,
비나텍(주),00563518,1341110067418.0,2020,19990726,282,,0,,,178,142,36,80555391224,37150986014,43404405210,9501004227,46690215449,6362032876,4615188570
비씨엔씨(주),01301623,1101112767064.0,2020,20030619,261,,0,,,0,0,0,,,,,,,
비앤에스(주),01456835,1101110540397.0,2020,20130327,29280,,0,,,0,0,0,,,,,,,
비에스티(주),00894621,1101110613863.0,2020,20101025,231,,0,,,0,0,0,,,,,,,
비에스피,01297870,1101110856455.0,2020,20180416,64919,,0,,,0,0,0,,,,,,,
비케이엠주식회사,01702099,1101115238161.0,2020,20200507,333,,0,,,0,0,0,,,,,,,
비케이테크,01585331,1101112323775.0,2020,19960101,28520,,0,,,0,0,0,,,,,,,
빅트,00943592,1101111633365.0,2020,20070702,26422,,0,,,0,0,0,,,,,,,
삼화기업,00240723,1244110025149.0,2020,19811026,2629,,0,,,0,0,0,,,,,,,
상구정공(주),00867399,1101112016198.0,2020,19880211,29293,,0,,,0,0,0,,,,,,,
서울바이오시스 주식회사,00488402,1350110122156.0,2020,20020125,2612,,0,,,619,503,116,582882683259,363545342743,219337340516,77161703058,431282192489,27384925234,19647529507
성림첨단산업㈜,00454441,1701110075540.0,2020,19940501,266,,0,,,0,0,0,,,,,,,
성무이엔지,01930841,1615110177688.0,2020,20150205,29271,,0,,,0,0,0,,,,,,,
성진세미텍(주),00580968,1350110091731.0,2020,19980423,2612,,0,,,0,0,0,,,,,,,
수퍼게이트 주식회사,01816806,1311110527530.0,2020,20180808,62010,,0,,,0,0,0,,,,,,,
시스템알앤디,01667033,1311110203081.0,2020,20220301,2927,,0,,,0,0,0,,,,,,,
시지트로닉스,01284751,2101110058935.0,2020,20080125,26129,,0,,,0,0,0,,,,,,,
신비앤텍 주식회사,00446479,1615110036545.0,2020,20000522,29271,,0,,,90,89,1,,,,,,,
신화인터텍(주),00228350,1348110011677.0,2020,19880527,2229,,0,,,341,341,0,176253207787,77699494666,98553713121,9191186956,255336300271,8114705243,3334865973
쎄믹스,00786492,1311110234226.0,2020,20090624,27213,,0,,,0,0,0,,,,,,,
쓰리에이로직스(주),00870065,1311110114733.0,2020,20040412,2611,,0,,,0,0,0,,,,,,,
쓰리에이로직스㈜,00870065,1311110114733.0,2020,20040412,2611,,0,,,0,0,0,,,,,,,
씨에스이주식회사,00511108,1101111780588.0,2020,19990930,26,,0,,,0,0,0,,,,,,,
씨엔디플러스,01634831,1345110091998.0,2020,20060828,29271,,0,,,0,0,0,,,,,,,
씨엔원,01543353,1101114908509.0,2020,20081120,29271,,0,,,0,0,0,,,,,,,
씨티에스(주),01225633,1101110174815.0,2020,20030605,29272,,0,,,0,0,0,,,,,,,
아담스,00409715,1101111004748.0,2020,19940110,68121,,0,,,0,0,0,,,,,,,
아셈테크 (주),01333604,1101112492778.0,2020,20020410,46522,,0,,,0,0,0,,,,,,,
아이에스티이,01208751,1348110278748.0,2020,20130828,261,,0,,,0,0,0,,,,,,,
아이엠에스(주),00479680,1101110527395.0,2020,19980416,68121,,0,,,0,0,0,,,,,,,
아이티에스,00532323,1101110233702.0,2020,20020401,42,,0,,,0,0,0,,,,,,,
애니모션텍,01310791,1101113732347.0,2020,20071001,29271,,0,,,0,0,0,,,,,,,
어드밴스드웨이브,00886206,1358110114537.0,2020,20050428,28123,,0,,,0,0,0,,,,,,,
에너테크인터내셔널(주),00417538,1511110017032.0,2020,20010401,28202,,0,,,0,0,0,,,,,,,
에스브이에스주식회사,00873123,1313110020225.0,2020,19961007,29271,,0,,,0,0,0,,,,,,,
에스비이엔지,01300448,1101114706078.0,2020,20121129,30310,,0,,,0,0,0,,,,,,,
에스씨지주식회사,01005765,1101110613045.0,2020,20131101,26422,,0,,,0,0,0,,,,,,,
에스에프솔루션,01861505,1201111209594.0,2020,20170119,29271,,0,,,0,0,0,,,,,,,
에스엠에스 주식회사,01365214,1101110703921.0,2020,20140201,29299,,0,,,0,0,0,,,,,,,
에스엠피 주식회사,00884077,1101111675375.0,2020,20110401,20129,,0,,,0,0,0,,,,,,,
에스이엠주식회사,00612814,1101111338361.0,2020,20000701,2049,,0,,,0,0,0,,,,,,,
에스제이글로벌 주식회사,01583139,1101111975725.0,2020,20170504,68121,,0,,,0,0,0,,,,,,,
에스지엔 주식회사,01904952,1101110336150.0,2020,20110623,27216,,0,,,0,0,0,,,,,,,
에스케이실트론 주식회사,01677401,1101118298922.0,2020,20220513,46595,,0,,,0,0,0,,,,,,,
에스티엘(주),01449853,1101111502916.0,2020,20061019,74100,,0,,,0,0,0,,,,,,,
에이비시스템(주),00208967,1358110286922.0,2020,19931230,30,,0,,,0,0,0,,,,,,,
에이에프씨,01097766,1101111963085.0,2020,20090701,22299,,0,,,0,0,0,,,,,,,
에이엔지(주),00586944,1101111163073.0,2020,20030710,68122,,0,,,0,0,0,,,,,,,
에이엠티주식회사,00304447,1101110707674.0,2020,19970927,26,,0,,,0,0,0,,,,,,,
에이지디 주식회사,01651342,1314110241027.0,2020,20100426,29271,,0,,,0,0,0,,,,,,,
에이치앤에이치,01083897,1101111273244.0,2020,20140307,68111,,0,,,0,0,0,,,,,,,
에이치제이에스이엔지(주),01370164,1311110095123.0,2020,20030429,29271,,0,,,0,0,0,,,,,,,
에이치케이테크주식회사,01837386,1101115223526.0,2020,20090902,26129,,0,,,0,0,0,,,,,,,
에이치피케이,01792180,1101112801945.0,2020,20231004,29271,,0,,,0,0,0,,,,,,,
에이치피케이,01792180,1101112801945.0,2020,20231004,29271,,0,,,0,0,0,,,,,,,
에이텍,00368551,1101110593263.0,2020,19920716,26299,,0,,,0,0,0,,,,,,,
에이텍솔루션,00970259,1101116112801.0,2020,20090623,27215,,0,,,0,0,0,,,,,,,
에이티시스템 주식회사,00264006,1101111412321.0,2020,19970509,58221,,0,,,0,0,0,,,,,,,
에이티아이㈜,00395227,1101110675566.0,2020,19970214,26,,0,,,0,0,0,,,,,,,
에이티이엔지,01763683,1311110120615.0,2020,20150901,29271,,0,,,0,0,0,,,,,,,
에코프로이노베이션,00965743,1101113273698.0,2020,20050721,28202,,0,,,0,0,0,,,,,,,
에프엔에스테크주식회사,00476036,1101113688277.0,2020,20020318,29272,,0,,,143,143,0,112602336531,52537799334,60064537197,3044887430,91909698686,11147839402,8214449219
엔비스아나㈜,01336009,1341110190938.0,2020,20100510,27213,,0,,,0,0,0,,,,,,,
엔에스티,00559339,1101111702631.0,2020,20040514,46539,,0,,,0,0,0,,,,,,,
엔에프에스,00984322,1101112200311.0,2020,20010326,55101,,0,,,0,0,0,,,,,,,
엔젯주식회사,01587056,1101112812067.0,2020,20090909,29272,,0,,,0,0,0,,,,,,,
엔터텍,01782484,1101111119969.0,2020,20121110,25914,,0,,,0,0,0,,,,,,,
엘림,00254072,1101110407498.0,2020,19960801,68212,,0,,,0,0,0,,,,,,,
엘에스텍,00824349,1101111531030.0,2020,20000821,26211,,0,,,0,0,0,,,,,,,
엘테크,01334241,1101110565577.0,2020,20120918,6821,,0,,,0,0,0,,,,,,,
엘티메탈  주식회사,00167341,1201110003567.0,2020,19740501,2629,,0,,,0,0,0,,,,,,,
엠에이티플러스㈜,01076301,1346110052394.0,2020,20110701,29271,,0,,,0,0,0,,,,,,,
엠엠티,01433074,1101116679405.0,2020,20191209,64209,,0,,,0,0,0,,,,,,,
엠케이피,01448429,1101116688919.0,2020,20160301,27214,,0,,,0,0,0,,,,,,,
영원이엔지,01212152,1101114945783.0,2020,20161001,29271,,0,,,0,0,0,,,,,,,
올니스,01629389,1801110791079.0,2020,20120112,29271,,0,,,0,0,0,,,,,,,
와이씨켐㈜,00619507,1701110202416.0,2020,20010728,20491,,0,,,0,0,0,,,,,,,
와이아이케이 주식회사,00457749,1101110769369.0,2020,19910412,29271,,0,,,0,0,0,,,,,,,
우성테크,00983545,1101112047755.0,2020,20000901,2224,,0,,,0,0,0,,,,,,,
우성하이테크,00890564,1211110144716.0,2020,20021129,29229,,0,,,0,0,0,,,,,,,
워트주식회사,00866451,1101110559223.0,2020,20040408,29271,,0,,,0,0,0,,,,,,,
원시스템,01290275,1101110547921.0,2020,20130911,26223,,0,,,14,14,0,,,,,,,
원테크,01776058,1101110613061.0,2020,20090901,42321,,0,,,0,0,0,,,,,,,
웨이브로드 주식회사,01911800,1358110379529.0,2020,20191120,26294,,0,,,0,0,0,,,,,,,
위아코퍼레이션(주),00565437,1101111299026.0,2020,19960718,29271,,0,,,0,0,0,,,,,,,
윌테크놀러지(주),00578893,1101112143800.0,2020,20010115,27213,,0,,,0,0,0,,,,,,,
유버주식회사,01308927,1101117192084.0,2020,20101208,26219,,0,,,0,0,0,,,,,,,
유정시스템(주),01610211,1101112141060.0,2020,20010102,2612,,0,,,0,0,0,,,,,,,
율촌화학(주),00145260,1101110145147.0,2020,19730501,22231,,0,,,824,797,27,613344958708,265701496981,347643461727,20709476308,520654569706,26719627349,20177727841
이노로보틱스 주식회사,01226793,1358110212993.0,2020,20120508,27301,,0,,,0,0,0,,,,,,,
이알케이,01382965,1101112046369.0,2020,20170901,71531,,0,,,0,0,0,,,,,,,
이피캠텍(주),01289303,1511110031321.0,2020,20071024,22292,,0,,,0,0,0,,,,,,,
인셀(주),01157165,1101111504102.0,2020,20040101,28202,,0,,,0,0,0,,,,,,,
인투코어테크놀로지주식회사,01786444,1601110371156.0,2020,20140423,29271,,0,,,0,0,0,,,,,,,
저스템,01383229,1101116042066.0,2020,20160425,29271,,0,,,0,0,0,,,,,,,
제닉스로보틱스 주식회사,01293485,1313110097737.0,2020,20100423,29299,,0,,,0,0,0,,,,,,,
제엠제코(주),01637290,1101113681784.0,2020,20070518,26129,,0,,,0,0,0,,,,,,,
제이에스티,01372995,1101110569074.0,2020,20090105,29271,,0,,,0,0,0,,,,,,,
제이엔비,01731958,1101110895750.0,2020,20150727,46444,,0,,,0,0,0,,,,,,,
제이엔에스,00573603,1101111508097.0,2020,20020510,29271,,0,,,0,0,0,,,,,,,
제이엠테크 주식회사,00982403,1101114671784.0,2020,20010414,3831,,0,,,0,0,0,,,,,,,
주성엔지니어링(주),00252135,1101110872196.0,2020,19950413,29229,,0,232821262255,214168708990,408,404,0,549203147652,321799583267,227403564385,18652553265,118545864748,-25033172721,-8217719874
주식회사  브이시스,01030682,1101111006174.0,2020,19970131,2224,,0,,,0,0,0,,,,,,,
주식회사 그린테크놀로지,00817613,1101112481242.0,2020,20031208,2611,,0,,,0,0,0,,,,,,,
주식회사 기산하이텍,01745696,2849110209675.0,2020,20191001,29272,,0,,,0,0,0,,,,,,,
주식회사 다다,00121668,1101110377641.0,2020,19790903,29132,,0,,,0,0,0,,,,,,,
주식회사 대덕테크,00413028,1348110031831.0,2020,20010330,68129,,0,,,0,0,0,,,,,,,
주식회사 더코디,00530413,1615110031686.0,2020,19990727,29271,,0,,,75,75,0,125031016633,49236397397,75794619236,1729672231,28038701982,-8628951010,-16524652165
주식회사 동명기업,01759909,1101111885726.0,2020,20181220,26224,,0,,,0,0,0,,,,,,,
주식회사 동원하이텍,00968528,1201110625858.0,2020,20120905,2629,,0,,,0,0,0,,,,,,,
주식회사 디바이스,00624509,1101110656970.0,2020,20021001,29271,,0,,,156,152,4,,,,,,,
주식회사 라온티엠디,01919866,1348110333633.0,2020,20150512,29299,,0,,,0,0,0,,,,,,,
주식회사 레인테크,01365393,1101110525373.0,2020,20060612,25999,,0,,,0,0,0,,,,,,,
주식회사 머신앤비전,01856938,1615110150048.0,2020,20130212,29272,,0,,,0,0,0,,,,,,,
주식회사 메이,00310262,1101110266547.0,2020,19990701,20129,,0,,,0,0,0,,,,,,,
주식회사 메카로,00652007,1101113168724.0,2020,20001101,261,,0,,,249,243,6,155456139653,17336031179,138120108474,18763190307,72741604972,146869803,-3478865425
주식회사 미코,01664425,1101110112930.0,2020,20161201,20423,,0,,,0,0,0,,,,,,,
주식회사 브이원텍,01027794,1311110164978.0,2020,20060530,29272,,0,,,83,83,0,93630496344,8945156138,84685340206,5793325014,31087428816,6518403450,5515315531
주식회사 삼정이엔지,01451751,1201110671182.0,2020,20070911,42131,,0,,,0,0,0,,,,,,,
주식회사 선코리아,01960462,1101110800361.0,2020,19970601,52992,,0,,,0,0,0,,,,,,,
주식회사 성남테크,00836371,1615110296058.0,2020,20081009,262,,0,,,0,0,0,,,,,,,
주식회사 성진테크,00335988,1101114892249.0,2020,20000701,3020,,0,,,0,0,0,,,,,,,
주식회사 세미노바,01729379,1345110288066.0,2020,20160421,26129,,0,,,0,0,0,,,,,,,
주식회사 신우이엔지,00489605,1101111614878.0,2020,19981202,28,,0,,,0,0,0,,,,,,,
주식회사 신진테크,00495396,1101114734699.0,2020,19961206,263,,0,,,0,0,0,,,,,,,
주식회사 써니텍,00382685,1101110970057.0,2020,19990604,41224,,0,,,0,0,0,,,,,,,
주식회사 쎄닉,01639793,1101117931896.0,2020,20210622,26129,,0,,,0,0,0,,,,,,,
주식회사 씨앤비,00613071,1101110617188.0,2020,19990701,25112,,0,,,0,0,0,,,,,,,
주식회사 씨케이엘,01850800,1101113993048.0,2020,20240530,64999,,0,,,0,0,0,,,,,,,
주식회사 씨케이피,01225031,1101112858095.0,2020,20160425,4111,,0,,,0,0,0,,,,,,,
주식회사 아벡스,00842211,1101111932163.0,2020,20050411,29175,,0,,,0,0,0,,,,,,,
주식회사 아이디어스,00555625,1101113303833.0,2020,20060215,71310,,0,,,0,0,0,,,,,,,
주식회사 아이브이웍스,01600135,1314110262081.0,2020,20110720,26129,,0,,,0,0,0,,,,,,,
주식회사 아이앤티,00175164,1101110740707.0,2020,19910104,72129,,0,,,0,0,0,,,,,,,
주식회사 아이큐랩,01839418,1358110342790.0,2020,20180525,26129,,0,,,0,0,0,,,,,,,
주식회사 에너지테크솔루션,01754870,1101116624179.0,2020,20180115,28202,,0,,,0,0,0,,,,,,,
주식회사 에스비티엘첨단소재,01424401,1348110425456.0,2020,20171011,28202,,0,,,0,0,0,,,,,,,
주식회사 에스에프이,01077249,1101113058024.0,2020,20090601,29271,,0,,,0,0,0,,,,,,,
주식회사 에스엘파워,01595754,1501110214423.0,2020,20160121,262,,0,,,0,0,0,,,,,,,
주식회사 에스이에이,01210598,1101112377061.0,2020,20100105,292,,0,,,0,0,0,,,,,,,
주식회사 에이블,01594348,1101110698914.0,2020,20200506,68222,,0,,,0,0,0,,,,,,,
주식회사 에이씨티,01071698,1101110526404.0,2020,20150122,4659,,0,,,0,0,0,,,,,,,
주식회사 에이아이이,01844100,1101117115383.0,2020,20170724,29299,,0,,,0,0,0,,,,,,,
주식회사 에이에스티,00569886,1101111567738.0,2020,20010209,29272,,0,,,0,0,0,,,,,,,
주식회사 에이엘디,00770473,1101111570020.0,2020,20080617,681,,0,,,0,0,0,,,,,,,
주식회사 에이엠텍,00568799,1101111877799.0,2020,20011023,25944,,0,,,0,0,0,,,,,,,
주식회사 에이이티,00625049,1101114938077.0,2020,20000922,29271,,0,,,0,0,0,,,,,,,
주식회사 에이치브이엠,01011368,1355110238812.0,2020,20120607,24219,,0,,,0,0,0,,,,,,,
주식회사 에이프로세미콘,01769234,2001110605481.0,2020,20200713,26129,,0,,,0,0,0,,,,,,,
주식회사 에코프로비엠,01160363,1501110219184.0,2020,20160502,28202,,0,435962512568,376721487458,930,903,27,798986124781,331668500645,,59241025110,854748843876,54769281487,46658311822
주식회사 엘에스테크,01752429,1101113303429.0,2020,20100720,71511,,0,,,0,0,0,,,,,,,
주식회사 유니밴스,01134960,1101113023077.0,2020,20040602,2612,,0,,,0,0,0,,,,,,,
주식회사 유시스템,00319069,1101111509962.0,2020,19980210,58221,,0,,,0,0,0,,,,,,,
주식회사 이에스티,00817932,1101110369557.0,2020,20090108,28201,,0,,,0,0,0,,,,,,,
주식회사 일산,00500102,1101110029169.0,2020,19880530,96991,,0,,,0,0,0,,,,,,,
주식회사 제스코,01217740,1101111409790.0,2020,19990201,2413,,0,,,0,0,0,,,,,,,
주식회사 제이에스에스,01571222,1101110925060.0,2020,20201127,649,,0,,,0,0,0,,,,,,,
주식회사 제이이티,01823329,1101111817654.0,2020,20150827,71511,,0,,,0,0,0,,,,,,,
주식회사 제타,01580530,1101110939639.0,2020,20041222,29271,,0,,,0,0,0,,,,,,,
주식회사 조은테크,01097687,1101110889589.0,2020,20140404,292,,0,,,0,0,0,,,,,,,
주식회사 지앤티,00255798,1101111635783.0,2020,19920619,2224,,0,,,0,0,0,,,,,,,
주식회사 창하이앤지,01760941,1313110172646.0,2020,20161109,71511,,0,,,0,0,0,,,,,,,
주식회사 천진,01641187,1101111291890.0,2020,19870105,68112,,0,,,0,0,0,,,,,,,
주식회사 코비스테크놀로지,01901089,1101112885949.0,2020,20031101,26129,,0,,,0,0,0,,,,,,,
주식회사 코어시스템,01728945,1101112754045.0,2020,20150226,58221,,0,,,0,0,0,,,,,,,
주식회사 코윈,00284921,1101111836927.0,2020,19991224,856,,0,,,0,0,0,,,,,,,
주식회사 쿠온솔루션,01625994,2849110108645.0,2020,20120912,29271,,0,,,0,0,0,,,,,,,
주식회사 트임,01583111,1101110892938.0,2020,20151024,29271,,0,,,0,0,0,,,,,,,
주식회사 티오피에스,00913254,1355110255337.0,2020,20010405,29223,,0,,,0,0,0,,,,,,,
주식회사 파워테크,00858878,1101110769319.0,2020,20030416,6312,,0,,,0,0,0,,,,,,,
주식회사 파인솔루션,01387720,1101116459237.0,2020,20150303,29271,,0,,,0,0,0,,,,,,,
주식회사 포시스,01022692,1101110608492.0,2020,20090803,29272,,0,,,0,0,0,,,,,,,
주식회사 프리테크,00259396,1101110883086.0,2020,19920817,1811,,0,,,0,0,0,,,,,,,
주식회사 피에스디이,01550733,1211110217878.0,2020,20120101,26129,,0,,,0,0,0,,,,,,,
주식회사 피엔티,00496191,1101111015886.0,2020,20010623,24211,,0,,,0,0,0,,,,,,,
주식회사 피엠씨,00234670,1101110265383.0,2020,19810416,68112,,0,,,0,0,0,,,,,,,
주식회사 한솔케미칼,00140955,1101110270895.0,2020,19800313,20129,,0,,,557,515,42,999200501892,376929963896,622270537996,85217707596,619277678729,151933828832,130080716068
주식회사 한울반도체,01359815,1101117032545.0,2020,20190305,292,,0,,,62,62,0,,,,,,,
주식회사 한탑,01705306,1101111731523.0,2020,20140516,22223,,0,,,0,0,0,,,,,,,
주식회사 한텍,00467339,1101110919055.0,2020,20031001,2642,,0,,,0,0,0,,,,,,,
주식회사 한텍시스템,01741353,1349110035120.0,2020,20070301,29271,,0,,,0,0,0,,,,,,,
주식회사넥스젠,00375560,1101111182726.0,2020,20000410,2611,,0,,,0,0,0,,,,,,,
주식회사대일테크,01031247,1101110913536.0,2020,20080801,2224,,0,,,0,0,0,,,,,,,
주식회사디씨엔,01366408,1101111945554.0,2020,20190327,68129,,0,,,0,0,0,,,,,,,
주식회사미코세라믹스,01474734,1346110103577.0,2020,20200204,29271,,0,,,0,0,0,,,,,,,
주식회사삼현,01069888,1101110226971.0,2020,20140310,6811,,0,,,0,0,0,,,,,,,
주식회사아테코,01014772,1101111120346.0,2020,19981123,2629,,0,,,0,0,0,,,,,,,
주식회사엑스엘,00323886,1101111452111.0,2020,19970818,58221,,0,,,0,0,0,,,,,,,
주식회사유우일렉트로닉스,01574672,1101113478107.0,2020,20060619,26294,,0,,,0,0,0,,,,,,,
주식회사이에스이,01468089,1101110006422.0,2020,20000424,58221,,0,,,0,0,0,,,,,,,
주식회사일만,01078734,1101111543481.0,2020,20130730,46,,0,,,0,0,0,,,,,,,
주식회사제이에스,00246189,929720929726.0,2020,19940905,2642,,0,,,0,0,0,,,,,,,
주식회사케이에스피,00328191,1101111252214.0,2020,20000628,29111,,0,,,50,45,5,,,,,,,
주식회사효광,01160424,1101111066368.0,2020,20010601,30,,0,,,0,0,0,,,,,,,
지엔디 주식회사,01782314,1101112011784.0,2020,20211108,41112,,0,,,0,0,0,,,,,,,
지원플러스,01134085,1314110307936.0,2020,20101206,6822,,0,,,0,0,0,,,,,,,
진영테크,01176425,1101116716611.0,2020,20150908,25924,,0,,,0,0,0,,,,,,,
창산업주식회사,00303712,1101110026115.0,2020,19760311,15129,,0,,,0,0,0,,,,,,,
창신테크,00421850,1101111560443.0,2020,19980701,46522,,0,,,0,0,0,,,,,,,
천보,00655350,1101110186216.0,2020,20040728,3201,,0,,,0,0,0,,,,,,,
케이에스엠,01019689,1101111636997.0,2020,20060203,501,,0,,,0,0,0,,,,,,,
케이에스엠컴포넌트,00619224,1244110066458.0,2020,20040517,29271,,0,,,0,0,0,,,,,,,
케이에스티주식회사,00528038,1101111247356.0,2020,20000316,2321,,0,,,0,0,0,,,,,,,
케이엔씨,00145561,1101110411233.0,2020,19851122,26410,,0,,,0,0,0,,,,,,,
코리아 이엔티,01863974,,2020,20080801,72921,,0,,,0,0,0,,,,,,,
코스텍시스템(주),00610861,1311110048164.0,2020,20000411,29271,,0,,,0,0,0,,,,,,,
큐라텍,00938457,1311110629154.0,2020,20040915,26,,0,,,0,0,0,,,,,,,
크라이오에이치앤아이,01738766,1313110240758.0,2020,20200814,29271,,0,,,0,0,0,,,,,,,
크레스트,00509635,1101111229891.0,2020,20010823,4632,,0,,,0,0,0,,,,,,,
탑이엔지,00571003,1101114429357.0,2020,19950901,42,,0,,,0,0,0,,,,,,,
트리노테크놀로지,00855181,1341110169397.0,2020,20080808,261,,0,,,0,0,0,,,,,,,
티에스테크놀로지(주),00371403,1101111364142.0,2020,19880401,27213,,0,,,0,0,0,,,,,,,
티에스텍,00571784,1101113164095.0,2020,19920108,30,,0,,,0,0,0,,,,,,,
티엔티,00257574,1101110340979.0,2020,19861201,51,,0,,,0,0,0,,,,,,,
티이엠씨주식회사,01301252,1101114809963.0,2020,20150126,20121,,0,,,0,0,0,,,,,,,
파워큐브세미 (주),01776410,1211110247396.0,2020,20130220,26129,,0,,,0,0,0,,,,,,,
팸텍주식회사,01146220,1101112880410.0,2020,20050805,29271,,0,,,176,174,2,,,,,,,
풍원정밀(주),00417167,1314110342544.0,2020,19960116,262,,0,,,0,0,0,,,,,,,
플라텍(주),01755231,1101110814247.0,2020,20120703,26129,,0,,,0,0,0,,,,,,,
플렉스 주식회사,01642539,1101110558001.0,2020,20120401,29,,0,,,0,0,0,,,,,,,
피닉슨컨트롤스㈜,01353866,1313110134745.0,2020,20140221,28121,,0,,,0,0,0,,,,,,,
피에스케이 주식회사,01365825,1101110418718.0,2020,20190401,29271,,0,,,297,293,4,268588806862,51209903017,217378903845,10567516131,265729684455,31552799554,22259442939
피에스케이홀딩스(주),00283560,1101110418718.0,2020,19860224,28909,,0,,,0,0,0,,,,,,,
하나레이저테크(주),01074084,1615110111222.0,2020,20091001,29271,,0,,,0,0,0,,,,,,,
하나머티리얼즈(주),00660750,1101140228616.0,2020,20070123,2612,,0,,,591,589,2,,,,,,,
하비스트,00684644,1101112507303.0,2020,20070328,64999,,0,,,0,0,0,,,,,,,
하이테크,00196079,1101110254310.0,2020,19890317,23324,,0,,,0,0,0,,,,,,,
한국티엠,01044278,1201110328197.0,2020,19870701,2599,,0,,,0,0,0,,,,,,,
한미반도체(주),00161383,1101111633357.0,2020,19801224,29271,,0,,,596,593,3,326966868038,69876325235,257090542803,7441744690,257385897660,66649466315,50131485364
화성산업,01354892,1101110135958.0,2020,20000801,20421,,0,,,0,0,0,,,,,,,
